{"max": [0.522011, 0.669142, -0.0440055], "centroid": [0.3175112875751505, 0.47929585811623415, -0.13790243857715406], "id": "1016f4debe988507589aae130c1f06fb", "numVertices": 998, "min": [0.113011, -0.130858, -0.52424]}
